[{"model": "admin.logentry", "pk": 1, "fields": {"action_time": "2024-06-20T07:09:26.206Z", "user": 1, "content_type": 7, "object_id": "1", "object_repr": "DigiShelfData object (1)", "action_flag": 1, "change_message": "[{\"added\": {}}]"}}, {"model": "admin.logentry", "pk": 2, "fields": {"action_time": "2024-06-20T21:26:56.586Z", "user": 1, "content_type": 7, "object_id": "1", "object_repr": "DigiShelfData object (1)", "action_flag": 2, "change_message": "[{\"changed\": {\"fields\": [\"Giftcard processing fee\"]}}]"}}, {"model": "admin.logentry", "pk": 3, "fields": {"action_time": "2024-06-24T20:26:51.103Z", "user": 1, "content_type": 21, "object_id": "8", "object_repr": "Cart object (8)", "action_flag": 3, "change_message": ""}}, {"model": "admin.logentry", "pk": 4, "fields": {"action_time": "2024-06-24T20:26:52.965Z", "user": 1, "content_type": 21, "object_id": "7", "object_repr": "Cart object (7)", "action_flag": 3, "change_message": ""}}, {"model": "admin.logentry", "pk": 5, "fields": {"action_time": "2024-06-24T20:26:53.015Z", "user": 1, "content_type": 21, "object_id": "6", "object_repr": "Cart object (6)", "action_flag": 3, "change_message": ""}}, {"model": "admin.logentry", "pk": 6, "fields": {"action_time": "2024-06-24T20:26:53.017Z", "user": 1, "content_type": 21, "object_id": "5", "object_repr": "Cart object (5)", "action_flag": 3, "change_message": ""}}, {"model": "admin.logentry", "pk": 7, "fields": {"action_time": "2024-06-24T20:26:53.061Z", "user": 1, "content_type": 21, "object_id": "4", "object_repr": "Cart object (4)", "action_flag": 3, "change_message": ""}}, {"model": "admin.logentry", "pk": 8, "fields": {"action_time": "2024-06-24T20:26:53.062Z", "user": 1, "content_type": 21, "object_id": "3", "object_repr": "Cart object (3)", "action_flag": 3, "change_message": ""}}, {"model": "admin.logentry", "pk": 9, "fields": {"action_time": "2024-06-24T20:26:53.064Z", "user": 1, "content_type": 21, "object_id": "2", "object_repr": "Cart object (2)", "action_flag": 3, "change_message": ""}}, {"model": "admin.logentry", "pk": 10, "fields": {"action_time": "2024-06-24T20:26:53.064Z", "user": 1, "content_type": 21, "object_id": "1", "object_repr": "Cart object (1)", "action_flag": 3, "change_message": ""}}, {"model": "auth.permission", "pk": 1, "fields": {"name": "Can add log entry", "content_type": 1, "codename": "add_logentry"}}, {"model": "auth.permission", "pk": 2, "fields": {"name": "Can change log entry", "content_type": 1, "codename": "change_logentry"}}, {"model": "auth.permission", "pk": 3, "fields": {"name": "Can delete log entry", "content_type": 1, "codename": "delete_logentry"}}, {"model": "auth.permission", "pk": 4, "fields": {"name": "Can view log entry", "content_type": 1, "codename": "view_logentry"}}, {"model": "auth.permission", "pk": 5, "fields": {"name": "Can add permission", "content_type": 2, "codename": "add_permission"}}, {"model": "auth.permission", "pk": 6, "fields": {"name": "Can change permission", "content_type": 2, "codename": "change_permission"}}, {"model": "auth.permission", "pk": 7, "fields": {"name": "Can delete permission", "content_type": 2, "codename": "delete_permission"}}, {"model": "auth.permission", "pk": 8, "fields": {"name": "Can view permission", "content_type": 2, "codename": "view_permission"}}, {"model": "auth.permission", "pk": 9, "fields": {"name": "Can add group", "content_type": 3, "codename": "add_group"}}, {"model": "auth.permission", "pk": 10, "fields": {"name": "Can change group", "content_type": 3, "codename": "change_group"}}, {"model": "auth.permission", "pk": 11, "fields": {"name": "Can delete group", "content_type": 3, "codename": "delete_group"}}, {"model": "auth.permission", "pk": 12, "fields": {"name": "Can view group", "content_type": 3, "codename": "view_group"}}, {"model": "auth.permission", "pk": 13, "fields": {"name": "Can add content type", "content_type": 4, "codename": "add_contenttype"}}, {"model": "auth.permission", "pk": 14, "fields": {"name": "Can change content type", "content_type": 4, "codename": "change_contenttype"}}, {"model": "auth.permission", "pk": 15, "fields": {"name": "Can delete content type", "content_type": 4, "codename": "delete_contenttype"}}, {"model": "auth.permission", "pk": 16, "fields": {"name": "Can view content type", "content_type": 4, "codename": "view_contenttype"}}, {"model": "auth.permission", "pk": 17, "fields": {"name": "Can add session", "content_type": 5, "codename": "add_session"}}, {"model": "auth.permission", "pk": 18, "fields": {"name": "Can change session", "content_type": 5, "codename": "change_session"}}, {"model": "auth.permission", "pk": 19, "fields": {"name": "Can delete session", "content_type": 5, "codename": "delete_session"}}, {"model": "auth.permission", "pk": 20, "fields": {"name": "Can view session", "content_type": 5, "codename": "view_session"}}, {"model": "auth.permission", "pk": 21, "fields": {"name": "Can add user", "content_type": 6, "codename": "add_account"}}, {"model": "auth.permission", "pk": 22, "fields": {"name": "Can change user", "content_type": 6, "codename": "change_account"}}, {"model": "auth.permission", "pk": 23, "fields": {"name": "Can delete user", "content_type": 6, "codename": "delete_account"}}, {"model": "auth.permission", "pk": 24, "fields": {"name": "Can view user", "content_type": 6, "codename": "view_account"}}, {"model": "auth.permission", "pk": 25, "fields": {"name": "Can add digi shelf data", "content_type": 7, "codename": "add_digishelfdata"}}, {"model": "auth.permission", "pk": 26, "fields": {"name": "Can change digi shelf data", "content_type": 7, "codename": "change_digishelfdata"}}, {"model": "auth.permission", "pk": 27, "fields": {"name": "Can delete digi shelf data", "content_type": 7, "codename": "delete_digishelfdata"}}, {"model": "auth.permission", "pk": 28, "fields": {"name": "Can view digi shelf data", "content_type": 7, "codename": "view_digishelfdata"}}, {"model": "auth.permission", "pk": 29, "fields": {"name": "Can add gift card transaction", "content_type": 8, "codename": "add_giftcardtransaction"}}, {"model": "auth.permission", "pk": 30, "fields": {"name": "Can change gift card transaction", "content_type": 8, "codename": "change_giftcardtransaction"}}, {"model": "auth.permission", "pk": 31, "fields": {"name": "Can delete gift card transaction", "content_type": 8, "codename": "delete_giftcardtransaction"}}, {"model": "auth.permission", "pk": 32, "fields": {"name": "Can view gift card transaction", "content_type": 8, "codename": "view_giftcardtransaction"}}, {"model": "auth.permission", "pk": 33, "fields": {"name": "Can add gift card transaction order product", "content_type": 9, "codename": "add_giftcardtransactionorderproduct"}}, {"model": "auth.permission", "pk": 34, "fields": {"name": "Can change gift card transaction order product", "content_type": 9, "codename": "change_giftcardtransactionorderproduct"}}, {"model": "auth.permission", "pk": 35, "fields": {"name": "Can delete gift card transaction order product", "content_type": 9, "codename": "delete_giftcardtransactionorderproduct"}}, {"model": "auth.permission", "pk": 36, "fields": {"name": "Can view gift card transaction order product", "content_type": 9, "codename": "view_giftcardtransactionorderproduct"}}, {"model": "auth.permission", "pk": 37, "fields": {"name": "Can add payment details", "content_type": 10, "codename": "add_paymentdetails"}}, {"model": "auth.permission", "pk": 38, "fields": {"name": "Can change payment details", "content_type": 10, "codename": "change_paymentdetails"}}, {"model": "auth.permission", "pk": 39, "fields": {"name": "Can delete payment details", "content_type": 10, "codename": "delete_paymentdetails"}}, {"model": "auth.permission", "pk": 40, "fields": {"name": "Can view payment details", "content_type": 10, "codename": "view_paymentdetails"}}, {"model": "auth.permission", "pk": 41, "fields": {"name": "Can add user device gift card payment", "content_type": 11, "codename": "add_userdevicegiftcardpayment"}}, {"model": "auth.permission", "pk": 42, "fields": {"name": "Can change user device gift card payment", "content_type": 11, "codename": "change_userdevicegiftcardpayment"}}, {"model": "auth.permission", "pk": 43, "fields": {"name": "Can delete user device gift card payment", "content_type": 11, "codename": "delete_userdevicegiftcardpayment"}}, {"model": "auth.permission", "pk": 44, "fields": {"name": "Can view user device gift card payment", "content_type": 11, "codename": "view_userdevicegiftcardpayment"}}, {"model": "auth.permission", "pk": 45, "fields": {"name": "Can add transaction product", "content_type": 12, "codename": "add_transactionproduct"}}, {"model": "auth.permission", "pk": 46, "fields": {"name": "Can change transaction product", "content_type": 12, "codename": "change_transactionproduct"}}, {"model": "auth.permission", "pk": 47, "fields": {"name": "Can delete transaction product", "content_type": 12, "codename": "delete_transactionproduct"}}, {"model": "auth.permission", "pk": 48, "fields": {"name": "Can view transaction product", "content_type": 12, "codename": "view_transactionproduct"}}, {"model": "auth.permission", "pk": 49, "fields": {"name": "Can add card redeem code", "content_type": 13, "codename": "add_cardredeemcode"}}, {"model": "auth.permission", "pk": 50, "fields": {"name": "Can change card redeem code", "content_type": 13, "codename": "change_cardredeemcode"}}, {"model": "auth.permission", "pk": 51, "fields": {"name": "Can delete card redeem code", "content_type": 13, "codename": "delete_cardredeemcode"}}, {"model": "auth.permission", "pk": 52, "fields": {"name": "Can view card redeem code", "content_type": 13, "codename": "view_cardredeemcode"}}, {"model": "auth.permission", "pk": 53, "fields": {"name": "Can add error log", "content_type": 14, "codename": "add_errorlog"}}, {"model": "auth.permission", "pk": 54, "fields": {"name": "Can change error log", "content_type": 14, "codename": "change_errorlog"}}, {"model": "auth.permission", "pk": 55, "fields": {"name": "Can delete error log", "content_type": 14, "codename": "delete_errorlog"}}, {"model": "auth.permission", "pk": 56, "fields": {"name": "Can view error log", "content_type": 14, "codename": "view_errorlog"}}, {"model": "auth.permission", "pk": 57, "fields": {"name": "Can add topup transaction", "content_type": 15, "codename": "add_topuptransaction"}}, {"model": "auth.permission", "pk": 58, "fields": {"name": "Can change topup transaction", "content_type": 15, "codename": "change_topuptransaction"}}, {"model": "auth.permission", "pk": 59, "fields": {"name": "Can delete topup transaction", "content_type": 15, "codename": "delete_topuptransaction"}}, {"model": "auth.permission", "pk": 60, "fields": {"name": "Can view topup transaction", "content_type": 15, "codename": "view_topuptransaction"}}, {"model": "auth.permission", "pk": 61, "fields": {"name": "Can add user social auth", "content_type": 16, "codename": "add_usersocialauth"}}, {"model": "auth.permission", "pk": 62, "fields": {"name": "Can change user social auth", "content_type": 16, "codename": "change_usersocialauth"}}, {"model": "auth.permission", "pk": 63, "fields": {"name": "Can delete user social auth", "content_type": 16, "codename": "delete_usersocialauth"}}, {"model": "auth.permission", "pk": 64, "fields": {"name": "Can view user social auth", "content_type": 16, "codename": "view_usersocialauth"}}, {"model": "auth.permission", "pk": 65, "fields": {"name": "Can add nonce", "content_type": 17, "codename": "add_nonce"}}, {"model": "auth.permission", "pk": 66, "fields": {"name": "Can change nonce", "content_type": 17, "codename": "change_nonce"}}, {"model": "auth.permission", "pk": 67, "fields": {"name": "Can delete nonce", "content_type": 17, "codename": "delete_nonce"}}, {"model": "auth.permission", "pk": 68, "fields": {"name": "Can view nonce", "content_type": 17, "codename": "view_nonce"}}, {"model": "auth.permission", "pk": 69, "fields": {"name": "Can add association", "content_type": 18, "codename": "add_association"}}, {"model": "auth.permission", "pk": 70, "fields": {"name": "Can change association", "content_type": 18, "codename": "change_association"}}, {"model": "auth.permission", "pk": 71, "fields": {"name": "Can delete association", "content_type": 18, "codename": "delete_association"}}, {"model": "auth.permission", "pk": 72, "fields": {"name": "Can view association", "content_type": 18, "codename": "view_association"}}, {"model": "auth.permission", "pk": 73, "fields": {"name": "Can add code", "content_type": 19, "codename": "add_code"}}, {"model": "auth.permission", "pk": 74, "fields": {"name": "Can change code", "content_type": 19, "codename": "change_code"}}, {"model": "auth.permission", "pk": 75, "fields": {"name": "Can delete code", "content_type": 19, "codename": "delete_code"}}, {"model": "auth.permission", "pk": 76, "fields": {"name": "Can view code", "content_type": 19, "codename": "view_code"}}, {"model": "auth.permission", "pk": 77, "fields": {"name": "Can add partial", "content_type": 20, "codename": "add_partial"}}, {"model": "auth.permission", "pk": 78, "fields": {"name": "Can change partial", "content_type": 20, "codename": "change_partial"}}, {"model": "auth.permission", "pk": 79, "fields": {"name": "Can delete partial", "content_type": 20, "codename": "delete_partial"}}, {"model": "auth.permission", "pk": 80, "fields": {"name": "Can view partial", "content_type": 20, "codename": "view_partial"}}, {"model": "auth.permission", "pk": 81, "fields": {"name": "Can add cart", "content_type": 21, "codename": "add_cart"}}, {"model": "auth.permission", "pk": 82, "fields": {"name": "Can change cart", "content_type": 21, "codename": "change_cart"}}, {"model": "auth.permission", "pk": 83, "fields": {"name": "Can delete cart", "content_type": 21, "codename": "delete_cart"}}, {"model": "auth.permission", "pk": 84, "fields": {"name": "Can view cart", "content_type": 21, "codename": "view_cart"}}, {"model": "auth.permission", "pk": 85, "fields": {"name": "Can add contact", "content_type": 22, "codename": "add_contact"}}, {"model": "auth.permission", "pk": 86, "fields": {"name": "Can change contact", "content_type": 22, "codename": "change_contact"}}, {"model": "auth.permission", "pk": 87, "fields": {"name": "Can delete contact", "content_type": 22, "codename": "delete_contact"}}, {"model": "auth.permission", "pk": 88, "fields": {"name": "Can view contact", "content_type": 22, "codename": "view_contact"}}, {"model": "contenttypes.contenttype", "pk": 1, "fields": {"app_label": "admin", "model": "logentry"}}, {"model": "contenttypes.contenttype", "pk": 2, "fields": {"app_label": "auth", "model": "permission"}}, {"model": "contenttypes.contenttype", "pk": 3, "fields": {"app_label": "auth", "model": "group"}}, {"model": "contenttypes.contenttype", "pk": 4, "fields": {"app_label": "contenttypes", "model": "contenttype"}}, {"model": "contenttypes.contenttype", "pk": 5, "fields": {"app_label": "sessions", "model": "session"}}, {"model": "contenttypes.contenttype", "pk": 6, "fields": {"app_label": "api", "model": "account"}}, {"model": "contenttypes.contenttype", "pk": 7, "fields": {"app_label": "api", "model": "digishelfdata"}}, {"model": "contenttypes.contenttype", "pk": 8, "fields": {"app_label": "api", "model": "giftcardtransaction"}}, {"model": "contenttypes.contenttype", "pk": 9, "fields": {"app_label": "api", "model": "giftcardtransactionorderproduct"}}, {"model": "contenttypes.contenttype", "pk": 10, "fields": {"app_label": "api", "model": "paymentdetails"}}, {"model": "contenttypes.contenttype", "pk": 11, "fields": {"app_label": "api", "model": "userdevicegiftcardpayment"}}, {"model": "contenttypes.contenttype", "pk": 12, "fields": {"app_label": "api", "model": "transactionproduct"}}, {"model": "contenttypes.contenttype", "pk": 13, "fields": {"app_label": "api", "model": "cardredeemcode"}}, {"model": "contenttypes.contenttype", "pk": 14, "fields": {"app_label": "api", "model": "errorlog"}}, {"model": "contenttypes.contenttype", "pk": 15, "fields": {"app_label": "api", "model": "topuptransaction"}}, {"model": "contenttypes.contenttype", "pk": 16, "fields": {"app_label": "social_django", "model": "usersocialauth"}}, {"model": "contenttypes.contenttype", "pk": 17, "fields": {"app_label": "social_django", "model": "nonce"}}, {"model": "contenttypes.contenttype", "pk": 18, "fields": {"app_label": "social_django", "model": "association"}}, {"model": "contenttypes.contenttype", "pk": 19, "fields": {"app_label": "social_django", "model": "code"}}, {"model": "contenttypes.contenttype", "pk": 20, "fields": {"app_label": "social_django", "model": "partial"}}, {"model": "contenttypes.contenttype", "pk": 21, "fields": {"app_label": "api", "model": "cart"}}, {"model": "contenttypes.contenttype", "pk": 22, "fields": {"app_label": "api", "model": "contact"}}, {"model": "sessions.session", "pk": "0swm76f9amqq7oqyw7n6iiqwsjcadk0r", "fields": {"session_data": ".eJxVjMsOwiAQRf-FtSFCeQwu3fsNZGYAqRqalHZl_HfbpAvd3nPOfYuI61Lj2vMcxyQuwojT70bIz9x2kB7Y7pPkqS3zSHJX5EG7vE0pv66H-3dQsdetDsaSBQ2owTketGeHENhwKkQ5EdgSjGeFLitnEc_eDQwbUAieShKfL-jyOKc:1sLMHr:g6gjYuFxPvA54sAq1yl6WzPX9wfX1smIQgD2cfMLLFw", "expire_date": "2024-07-07T12:25:39.362Z"}}, {"model": "sessions.session", "pk": "1328ggtzpn0orad3d8cnucyuc5b8r7j4", "fields": {"session_data": "e30:1sLMzR:5-48kiZHFjHEajnuxJ0Kf8jEnkAupXgMIviDaTxHtIU", "expire_date": "2024-07-07T13:10:41.391Z"}}, {"model": "sessions.session", "pk": "1cp1raq0shbo1oavh8eqcgm0q6voms9k", "fields": {"session_data": ".eJxVjMsOwiAQRf-FtSFCeQwu3fsNZGYAqRqalHZl_HfbpAvd3nPOfYuI61Lj2vMcxyQuwojT70bIz9x2kB7Y7pPkqS3zSHJX5EG7vE0pv66H-3dQsdetDsaSBQ2owTketGeHENhwKkQ5EdgSjGeFLitnEc_eDQwbUAieShKfL-jyOKc:1sLksJ:8dNQJ3nENledE8Tmbi6S-jO1Y_u7he80-paUDRWd-Qk", "expire_date": "2024-07-08T14:40:55.681Z"}}, {"model": "sessions.session", "pk": "1lvz99jo1s4i4gxm6nj4n2x756b5gepw", "fields": {"session_data": ".eJxVjMsOwiAQRf-FtSFCeQwu3fsNZGYAqRqalHZl_HfbpAvd3nPOfYuI61Lj2vMcxyQuwojT70bIz9x2kB7Y7pPkqS3zSHJX5EG7vE0pv66H-3dQsdetDsaSBQ2owTketGeHENhwKkQ5EdgSjGeFLitnEc_eDQwbUAieShKfL-jyOKc:1sLk69:IjKInSm0c8MjvMSrML9AE4i_WTwiI3uqL_fVMpmG7v0", "expire_date": "2024-07-08T13:51:09.815Z"}}, {"model": "sessions.session", "pk": "5rxr7m83aqryx346idgcn11obrqomdxk", "fields": {"session_data": ".eJxVjMsOwiAQRf-FtSFCeQwu3fsNZGYAqRqalHZl_HfbpAvd3nPOfYuI61Lj2vMcxyQuwojT70bIz9x2kB7Y7pPkqS3zSHJX5EG7vE0pv66H-3dQsdetDsaSBQ2owTketGeHENhwKkQ5EdgSjGeFLitnEc_eDQwbUAieShKfL-jyOKc:1sLOsv:Lz5ZaKISvqEbaf9rmve8kQT4dksy3t0BJVktp_l9vqw", "expire_date": "2024-07-07T15:12:05.508Z"}}, {"model": "sessions.session", "pk": "6f0kszgs69qz702mw2qj4ui4b1dtkfa7", "fields": {"session_data": ".eJxVjMsOwiAQRf-FtSFCeQwu3fsNZGYAqRqalHZl_HfbpAvd3nPOfYuI61Lj2vMcxyQuwojT70bIz9x2kB7Y7pPkqS3zSHJX5EG7vE0pv66H-3dQsdetDsaSBQ2owTketGeHENhwKkQ5EdgSjGeFLitnEc_eDQwbUAieShKfL-jyOKc:1sLMU2:sNWrV-E12vE89R1rikraHjWCU19ZF2j3RYpNbcjlBuY", "expire_date": "2024-07-07T12:38:14.078Z"}}, {"model": "sessions.session", "pk": "75zoi2eyngpwy36399cid72stwm62z3c", "fields": {"session_data": ".eJxVjMsOwiAQRf-FtSFCeQwu3fsNZGYAqRqalHZl_HfbpAvd3nPOfYuI61Lj2vMcxyQuwojT70bIz9x2kB7Y7pPkqS3zSHJX5EG7vE0pv66H-3dQsdetDsaSBQ2owTketGeHENhwKkQ5EdgSjGeFLitnEc_eDQwbUAieShKfL-jyOKc:1sUpus:oV4lPVzhoMns0vtwbGAK-x6G0m4PZaKyanUdvHMn4GY", "expire_date": "2024-08-02T15:53:06.214Z"}}, {"model": "sessions.session", "pk": "b7ge0ktj2svvqyzfyvd3hy0wrglqqiog", "fields": {"session_data": ".eJxVjMsOwiAQRf-FtSFCeQwu3fsNZGYAqRqalHZl_HfbpAvd3nPOfYuI61Lj2vMcxyQuwojT70bIz9x2kB7Y7pPkqS3zSHJX5EG7vE0pv66H-3dQsdetDsaSBQ2owTketGeHENhwKkQ5EdgSjGeFLitnEc_eDQwbUAieShKfL-jyOKc:1sLiCf:Pt4Jju258i71slC0kuaELQztVAsd476-sZr-mks7Heo", "expire_date": "2024-07-08T11:49:45.438Z"}}, {"model": "sessions.session", "pk": "bmjuzevqik8dkx7qmw2l75dshwugfk5i", "fields": {"session_data": ".eJxVjMsOwiAQRf-FtSFCeQwu3fsNZGYAqRqalHZl_HfbpAvd3nPOfYuI61Lj2vMcxyQuwojT70bIz9x2kB7Y7pPkqS3zSHJX5EG7vE0pv66H-3dQsdetDsaSBQ2owTketGeHENhwKkQ5EdgSjGeFLitnEc_eDQwbUAieShKfL-jyOKc:1sLiSM:hoJ-LFa-ChjxVEyGokrZ65MYiaeNwQY1LS_d84yupRY", "expire_date": "2024-07-08T12:05:58.902Z"}}, {"model": "sessions.session", "pk": "cre8m7qqptkh8x86armqnftd3lya6xyb", "fields": {"session_data": ".eJxVjMsOwiAQRf-FtSFCeQwu3fsNZGYAqRqalHZl_HfbpAvd3nPOfYuI61Lj2vMcxyQuwojT70bIz9x2kB7Y7pPkqS3zSHJX5EG7vE0pv66H-3dQsdetDsaSBQ2owTketGeHENhwKkQ5EdgSjGeFLitnEc_eDQwbUAieShKfL-jyOKc:1sLMGM:fsR4D6bU4_9hpZwyGwxAkyZbrgt3HCwgyl2773DB7Cg", "expire_date": "2024-07-07T12:24:06.531Z"}}, {"model": "sessions.session", "pk": "h6nkgch4ofzfw8tstfg9cdldzlxrt2ww", "fields": {"session_data": ".eJxVjMsOwiAQRf-FtSFCeQwu3fsNZGYAqRqalHZl_HfbpAvd3nPOfYuI61Lj2vMcxyQuwojT70bIz9x2kB7Y7pPkqS3zSHJX5EG7vE0pv66H-3dQsdetDsaSBQ2owTketGeHENhwKkQ5EdgSjGeFLitnEc_eDQwbUAieShKfL-jyOKc:1sLN08:_YRsahNoLpwdD18LLWvpn1_S2_aZLNZ0Nj951AQoTpM", "expire_date": "2024-07-07T13:11:24.979Z"}}, {"model": "sessions.session", "pk": "ldlwlclwqxwt2hwgxby58kpe4ckdcsny", "fields": {"session_data": ".eJxVjMsOwiAQRf-FtSFCeQwu3fsNZGYAqRqalHZl_HfbpAvd3nPOfYuI61Lj2vMcxyQuwojT70bIz9x2kB7Y7pPkqS3zSHJX5EG7vE0pv66H-3dQsdetDsaSBQ2owTketGeHENhwKkQ5EdgSjGeFLitnEc_eDQwbUAieShKfL-jyOKc:1sLN3G:-D3__rWTttlmU1rNSE1CbcLEsLlfnlZSiHALkbFxv5s", "expire_date": "2024-07-07T13:14:38.808Z"}}, {"model": "sessions.session", "pk": "lpymctydn74mbrgwrxcnrw3v91wt7ois", "fields": {"session_data": ".eJxVjMsOwiAQRf-FtSFCeQwu3fsNZGYAqRqalHZl_HfbpAvd3nPOfYuI61Lj2vMcxyQuwojT70bIz9x2kB7Y7pPkqS3zSHJX5EG7vE0pv66H-3dQsdetDsaSBQ2owTketGeHENhwKkQ5EdgSjGeFLitnEc_eDQwbUAieShKfL-jyOKc:1sLkex:8CMSIswjgnsMxYXcPZ5DmN10sNOgO7hXUZkylSaAagU", "expire_date": "2024-07-08T14:27:07.901Z"}}, {"model": "sessions.session", "pk": "ltp4h2g0ingya026m1ueqk4sjumgjxj6", "fields": {"session_data": ".eJxVjDsOwjAQBe_iGllef9aYkj5nsNY_HEC2FCcV4u4QKQW0b2bei3na1uq3kRc_J3ZhwE6_W6D4yG0H6U7t1nnsbV3mwHeFH3Twqaf8vB7u30GlUb91EEYZiVmXc7YJMNpginMCyYKlUAAlEUSQaNEZUMJEFUtSBrUsOgj2_gDQfzc5:1sPryT:hqVttv6PSDENhpHLQOsAiSnOGO-BB3QuaI_0jLv_ti0", "expire_date": "2024-07-19T23:04:17.797Z"}}, {"model": "sessions.session", "pk": "ms1genvd9q927uc4f0hfsq3xti2pk6ld", "fields": {"session_data": ".eJxVjMsOwiAQRf-FtSFCeQwu3fsNZGYAqRqalHZl_HfbpAvd3nPOfYuI61Lj2vMcxyQuwojT70bIz9x2kB7Y7pPkqS3zSHJX5EG7vE0pv66H-3dQsdetDsaSBQ2owTketGeHENhwKkQ5EdgSjGeFLitnEc_eDQwbUAieShKfL-jyOKc:1sLNp0:P5FBzh2ptwnU8Rq1bp-h9WblcBpjueQBGhENtOAOpog", "expire_date": "2024-07-07T14:03:58.767Z"}}, {"model": "sessions.session", "pk": "na60doevmda7ftjgfaatbzik9f1dci3e", "fields": {"session_data": "e30:1sLM6j:DX5-MpcvTHkeE0ENgufnwLB4IX-BazrbzihsnyszZXc", "expire_date": "2024-07-07T12:14:09.469Z"}}, {"model": "sessions.session", "pk": "nvjyjdwaz89gtdllmy8kurwjbdtcrpwh", "fields": {"session_data": ".eJxVjMsOwiAQRf-FtSFCeQwu3fsNZGYAqRqalHZl_HfbpAvd3nPOfYuI61Lj2vMcxyQuwojT70bIz9x2kB7Y7pPkqS3zSHJX5EG7vE0pv66H-3dQsdetDsaSBQ2owTketGeHENhwKkQ5EdgSjGeFLitnEc_eDQwbUAieShKfL-jyOKc:1sLN1A:vdk4W7vZ3IkbyUUWdurtG_iOu8ACMHr9yIOjPNWHxFY", "expire_date": "2024-07-07T13:12:28.688Z"}}, {"model": "sessions.session", "pk": "ojlqw2rgwujymv7sqhhoofz8yvd0n0r7", "fields": {"session_data": ".eJxVjMsOwiAQRf-FtSFCeQwu3fsNZGYAqRqalHZl_HfbpAvd3nPOfYuI61Lj2vMcxyQuwojT70bIz9x2kB7Y7pPkqS3zSHJX5EG7vE0pv66H-3dQsdetDsaSBQ2owTketGeHENhwKkQ5EdgSjGeFLitnEc_eDQwbUAieShKfL-jyOKc:1sLOdS:NY1Xk7cunrquH5vqqu_jLMcdG4EAuIU6fy1tF7JICnI", "expire_date": "2024-07-07T14:56:06.940Z"}}, {"model": "sessions.session", "pk": "pduydl2cwxc2beyruep5qv4xo7cx2m85", "fields": {"session_data": ".eJxVjMsOwiAQRf-FtSFCeQwu3fsNZGYAqRqalHZl_HfbpAvd3nPOfYuI61Lj2vMcxyQuwojT70bIz9x2kB7Y7pPkqS3zSHJX5EG7vE0pv66H-3dQsdetDsaSBQ2owTketGeHENhwKkQ5EdgSjGeFLitnEc_eDQwbUAieShKfL-jyOKc:1sLNJi:5sdFHnhn5Z1QvYX8ZHG5qyGqKnM1lyS8RvOQSIJpuro", "expire_date": "2024-07-07T13:31:38.530Z"}}, {"model": "sessions.session", "pk": "qwb9dmg3i45go80khm8ii919vienzhpe", "fields": {"session_data": ".eJxVjMsOwiAQRf-FtSFCeQwu3fsNZGYAqRqalHZl_HfbpAvd3nPOfYuI61Lj2vMcxyQuwojT70bIz9x2kB7Y7pPkqS3zSHJX5EG7vE0pv66H-3dQsdetDsaSBQ2owTketGeHENhwKkQ5EdgSjGeFLitnEc_eDQwbUAieShKfL-jyOKc:1sLNYl:CSeH2Lk9iio0hNHDFYZOwWZZBEaN9m6sznC4H9ggrtE", "expire_date": "2024-07-07T13:47:11.059Z"}}, {"model": "sessions.session", "pk": "rfomp167l2y1jqa5o26uzt9anq0djl8p", "fields": {"session_data": ".eJxVjMsOwiAQRf-FtSFCeQwu3fsNZGYAqRqalHZl_HfbpAvd3nPOfYuI61Lj2vMcxyQuwojT70bIz9x2kB7Y7pPkqS3zSHJX5EG7vE0pv66H-3dQsdetDsaSBQ2owTketGeHENhwKkQ5EdgSjGeFLitnEc_eDQwbUAieShKfL-jyOKc:1sLlJq:ai86-AoIHEBys5ZjjhOxvp7yABEOoLobgsQFnD_nXkc", "expire_date": "2024-07-08T15:09:22.049Z"}}, {"model": "sessions.session", "pk": "tuhaum2fcpy3z6v3blgaamdmvhv3wki4", "fields": {"session_data": "e30:1sLM4r:UiOUF2PKg9Su2CM2--68_84wyhgtZn6U-TErF5pq_Dw", "expire_date": "2024-07-07T12:12:13.842Z"}}, {"model": "sessions.session", "pk": "txnl0wczq2wm839wbagfypl07n3zrf3f", "fields": {"session_data": ".eJxVjMsOwiAQRf-FtSFCeQwu3fsNZGYAqRqalHZl_HfbpAvd3nPOfYuI61Lj2vMcxyQuwojT70bIz9x2kB7Y7pPkqS3zSHJX5EG7vE0pv66H-3dQsdetDsaSBQ2owTketGeHENhwKkQ5EdgSjGeFLitnEc_eDQwbUAieShKfL-jyOKc:1sLm79:dPQqvh5GlJq8iUqTOOxf6ZPUkVwTbKpRqdCVA6F4tfA", "expire_date": "2024-07-08T16:00:19.848Z"}}, {"model": "sessions.session", "pk": "u6rb0jkijr2lem3uaqnf7tq2eci4t43v", "fields": {"session_data": "e30:1sLM8z:8GTX7RDGEIVEhHjXnfDmlXHZ2o6RVZIZ95H4yUJcsLE", "expire_date": "2024-07-07T12:16:29.604Z"}}, {"model": "sessions.session", "pk": "vnq52ols4u0xr44qyluun6be943wguff", "fields": {"session_data": ".eJxVjMsOwiAQRf-FtSFCeQwu3fsNZGYAqRqalHZl_HfbpAvd3nPOfYuI61Lj2vMcxyQuwojT70bIz9x2kB7Y7pPkqS3zSHJX5EG7vE0pv66H-3dQsdetDsaSBQ2owTketGeHENhwKkQ5EdgSjGeFLitnEc_eDQwbUAieShKfL-jyOKc:1sLN1d:d0vtO9NZ2iocKVarDNEL9FqdGqd4ptE8Mvt7ESuZgTo", "expire_date": "2024-07-07T13:12:57.944Z"}}, {"model": "sessions.session", "pk": "w5fy9fr14lc7uvw5kak203lqjghazd3r", "fields": {"session_data": ".eJxVjMsOwiAQRf-FtSFCeQwu3fsNZGYAqRqalHZl_HfbpAvd3nPOfYuI61Lj2vMcxyQuwojT70bIz9x2kB7Y7pPkqS3zSHJX5EG7vE0pv66H-3dQsdetDsaSBQ2owTketGeHENhwKkQ5EdgSjGeFLitnEc_eDQwbUAieShKfL-jyOKc:1sLO8Z:_VweXA2ENc5fHBzpmjBGN9GVI7CU4DfdDv-oTAQEgbs", "expire_date": "2024-07-07T14:24:11.605Z"}}, {"model": "sessions.session", "pk": "xeekbmo55ykbp3dgx32g3b9behf60jaj", "fields": {"session_data": ".eJxVjDsOwjAQBe_iGllef9aYkj5nsNY_HEC2FCcV4u4QKQW0b2bei3na1uq3kRc_J3ZhwE6_W6D4yG0H6U7t1nnsbV3mwHeFH3Twqaf8vB7u30GlUb91EEYZiVmXc7YJMNpginMCyYKlUAAlEUSQaNEZUMJEFUtSBrUsOgj2_gDQfzc5:1sKBui:s5y7jnk4WCrn7rprKY1Gw0NepP_PDRIX7LpG481-mpU", "expire_date": "2024-07-04T07:08:56.557Z"}}, {"model": "sessions.session", "pk": "z3ad4wkq16x38x3l5tfjz44t2hffcdzl", "fields": {"session_data": ".eJxVjMsOwiAQRf-FtSFCeQwu3fsNZGYAqRqalHZl_HfbpAvd3nPOfYuI61Lj2vMcxyQuwojT70bIz9x2kB7Y7pPkqS3zSHJX5EG7vE0pv66H-3dQsdetDsaSBQ2owTketGeHENhwKkQ5EdgSjGeFLitnEc_eDQwbUAieShKfL-jyOKc:1sMZ7S:Blt7M5Q2ahisQKaXrkff_lubmmHjmnCvzm1HfS1MZr8", "expire_date": "2024-07-10T20:19:54.096Z"}}, {"model": "sessions.session", "pk": "zceew69tnd72n1qtbtghlvxkzvfjy624", "fields": {"session_data": ".eJxVjMsOwiAQRf-FtSFCeQwu3fsNZGYAqRqalHZl_HfbpAvd3nPOfYuI61Lj2vMcxyQuwojT70bIz9x2kB7Y7pPkqS3zSHJX5EG7vE0pv66H-3dQsdetDsaSBQ2owTketGeHENhwKkQ5EdgSjGeFLitnEc_eDQwbUAieShKfL-jyOKc:1sLLte:c-FRXCHfFSvPhPx5f69AdftztPFytSWbzZDapWeLTVo", "expire_date": "2024-07-07T12:00:38.650Z"}}, {"model": "sessions.session", "pk": "zkuuzg0tc5xgj3s1dulsl95miiggval1", "fields": {"session_data": ".eJxVjMsOwiAQRf-FtSFCeQwu3fsNZGYAqRqalHZl_HfbpAvd3nPOfYuI61Lj2vMcxyQuwojT70bIz9x2kB7Y7pPkqS3zSHJX5EG7vE0pv66H-3dQsdetDsaSBQ2owTketGeHENhwKkQ5EdgSjGeFLitnEc_eDQwbUAieShKfL-jyOKc:1sLqLk:aoDXzSkSvcs0n7dSBo0HxsQMWstsEt8XmPO5B4rg-Ys", "expire_date": "2024-07-08T20:31:40.267Z"}}, {"model": "api.account", "pk": 1, "fields": {"password": "pbkdf2_sha256$720000$slXdqKFDs4ns8bfpaKK2O6$qxdH0sfVMuvPaiE1wJCuHMVrSTUdVXsLEG2QgAf8Icc=", "is_superuser": true, "email": "sam@gmail.com", "first_name": null, "last_name": null, "is_active": true, "is_staff": true, "date_joined": "2024-06-20T07:08:42.416Z", "device": "Web", "phone_number": null, "country": null, "email_verified": false, "last_login": "2024-07-05T23:04:17.787Z", "auth_type": "email", "groups": [], "user_permissions": []}}, {"model": "api.account", "pk": 2, "fields": {"password": "pbkdf2_sha256$720000$1SvJPHg6PUgEWtkP79JZoi$CtuFQYqm8DdF52zVxb52rTEBVuZ29yOiZcQeno8Eh+Y=", "is_superuser": false, "email": "helloworld@gmail.com", "first_name": "", "last_name": "", "is_active": true, "is_staff": false, "date_joined": "2024-06-21T14:33:32.058Z", "device": "Web", "phone_number": null, "country": null, "email_verified": false, "last_login": "2024-06-21T14:33:32.059Z", "auth_type": "email", "groups": [], "user_permissions": []}}, {"model": "api.account", "pk": 3, "fields": {"password": "pbkdf2_sha256$720000$u0KC7R9NrNqbbHiVdbpk1g$QhsGjjQHsspO53wQU1sVb5bJOpHeS5N2v5CU+RNctcc=", "is_superuser": false, "email": "helloworldsrer@gmail.com", "first_name": "", "last_name": "", "is_active": true, "is_staff": false, "date_joined": "2024-06-22T13:11:39.740Z", "device": "Web", "phone_number": null, "country": null, "email_verified": false, "last_login": "2024-06-22T13:11:39.740Z", "auth_type": "email", "groups": [], "user_permissions": []}}, {"model": "api.account", "pk": 4, "fields": {"password": "!H4NLPrZx0yOTAxbIUIuELv7EUTuN8XE68MIqX7d0", "is_superuser": false, "email": "shamsubr@gmail.com", "first_name": "shamsu", "last_name": "br", "is_active": true, "is_staff": false, "date_joined": "2024-06-23T12:00:38.358Z", "device": "Web", "phone_number": null, "country": null, "email_verified": true, "last_login": "2024-07-19T15:53:05.970Z", "auth_type": "google", "groups": [], "user_permissions": []}}, {"model": "api.digishelfdata", "pk": 1, "fields": {"profit_percentage": "15.00", "processing_fee": "10.00", "giftcard_processing_fee": "8.00"}}, {"model": "api.giftcardtransaction", "pk": 1, "fields": {"user": null, "reference": "dXUca41dzU", "amount": "90.12", "country": "GH", "email": "Newusername@gmail.com", "user_type": "guest", "payment_method": "cbc", "created_at": "2024-06-20T07:17:42.425Z"}}, {"model": "api.giftcardtransaction", "pk": 2, "fields": {"user": null, "reference": "K_lxbv9PYz", "amount": "90.12", "country": "GH", "email": "Newusername@gmail.com", "user_type": "guest", "payment_method": "cbc", "created_at": "2024-06-20T07:18:24.685Z"}}, {"model": "api.giftcardtransaction", "pk": 3, "fields": {"user": null, "reference": "fv1J9u5_-S", "amount": "90.12", "country": "GH", "email": "crazyUser@gmail.com", "user_type": "guest", "payment_method": "cbc", "created_at": "2024-06-20T07:20:29.505Z"}}, {"model": "api.giftcardtransaction", "pk": 4, "fields": {"user": null, "reference": "RDlfKA3r3T", "amount": "90.12", "country": "GH", "email": "Newusername@gmail.com", "user_type": "guest", "payment_method": "cbc", "created_at": "2024-06-20T07:22:23.417Z"}}, {"model": "api.giftcardtransaction", "pk": 7, "fields": {"user": null, "reference": "DK46-zD2fH", "amount": "160.30", "country": "GH", "email": "Newusername@gmail.com", "user_type": "guest", "payment_method": "cbc", "created_at": "2024-06-20T07:32:23.913Z"}}, {"model": "api.giftcardtransaction", "pk": 8, "fields": {"user": null, "reference": "9U-_1zUdUB", "amount": "160.30", "country": "GH", "email": "Newusername@gmail.com", "user_type": "guest", "payment_method": "cbc", "created_at": "2024-06-20T08:04:03.361Z"}}, {"model": "api.giftcardtransaction", "pk": 9, "fields": {"user": null, "reference": "kq7xh_YyYe", "amount": "160.30", "country": "GH", "email": "crazyUser@gmail.com", "user_type": "guest", "payment_method": "cbc", "created_at": "2024-06-20T08:06:28.375Z"}}, {"model": "api.giftcardtransaction", "pk": 10, "fields": {"user": null, "reference": "zX4ghBIS1z", "amount": "160.30", "country": "GH", "email": "shamsubr@gmail.com", "user_type": "guest", "payment_method": "cbc", "created_at": "2024-06-20T08:08:09.511Z"}}, {"model": "api.giftcardtransaction", "pk": 11, "fields": {"user": null, "reference": "DSB-Jl3hAEl38OW9l2", "amount": "277.32", "country": "GH", "email": "crazyUser@gmail.com", "user_type": "guest", "payment_method": "cbc", "created_at": "2024-06-20T15:08:47.759Z"}}, {"model": "api.giftcardtransaction", "pk": 12, "fields": {"user": null, "reference": "DSB-x4cf8ACDVXYGkm", "amount": "277.32", "country": "GH", "email": "crazyUser@gmail.com", "user_type": "guest", "payment_method": "cbc", "created_at": "2024-06-20T15:14:33.287Z"}}, {"model": "api.giftcardtransaction", "pk": 13, "fields": {"user": null, "reference": "DSB--1HE5Fm0DJnEir", "amount": "559.03", "country": "GH", "email": "crazyUser@gmail.com", "user_type": "guest", "payment_method": "cbc", "created_at": "2024-06-20T15:21:41.202Z"}}, {"model": "api.giftcardtransaction", "pk": 14, "fields": {"user": null, "reference": "DSB-J23Ab0iQKA359_", "amount": "963.59", "country": "GH", "email": "crazyUser@gmail.com", "user_type": "guest", "payment_method": "cbc", "created_at": "2024-06-20T22:06:10.897Z"}}, {"model": "api.giftcardtransaction", "pk": 15, "fields": {"user": null, "reference": "DSB-4gSuxCR9rMJ_c3", "amount": "1797.44", "country": "GH", "email": "sam@gmail.com", "user_type": "guest", "payment_method": "cbc", "created_at": "2024-07-24T11:51:53.295Z"}}, {"model": "api.giftcardtransactionorderproduct", "pk": 1, "fields": {"GiftCardTransaction": 1, "productName": "Amazon US", "productId": 5, "quantity": 2, "recipientAmount": "2.00", "recipientCurrency": "USD", "AmountToPay": "45.06", "currencyToPayIn": "GHS", "img": "['https://cdn.reloadly.com/giftcards/fbef9b57-e0b0-4ead-aee3-fdc2bc80e2db.png']", "created_at": "2024-06-20T07:17:42.433Z"}}, {"model": "api.giftcardtransactionorderproduct", "pk": 2, "fields": {"GiftCardTransaction": 2, "productName": "Amazon US", "productId": 5, "quantity": 2, "recipientAmount": "2.00", "recipientCurrency": "USD", "AmountToPay": "45.06", "currencyToPayIn": "GHS", "img": "['https://cdn.reloadly.com/giftcards/fbef9b57-e0b0-4ead-aee3-fdc2bc80e2db.png']", "created_at": "2024-06-20T07:18:24.690Z"}}, {"model": "api.giftcardtransactionorderproduct", "pk": 3, "fields": {"GiftCardTransaction": 3, "productName": "Amazon US", "productId": 5, "quantity": 2, "recipientAmount": "2.00", "recipientCurrency": "USD", "AmountToPay": "45.06", "currencyToPayIn": "GHS", "img": "['https://cdn.reloadly.com/giftcards/fbef9b57-e0b0-4ead-aee3-fdc2bc80e2db.png']", "created_at": "2024-06-20T07:20:29.512Z"}}, {"model": "api.giftcardtransactionorderproduct", "pk": 4, "fields": {"GiftCardTransaction": 4, "productName": "Amazon US", "productId": 5, "quantity": 2, "recipientAmount": "2.00", "recipientCurrency": "USD", "AmountToPay": "45.06", "currencyToPayIn": "GHS", "img": "['https://cdn.reloadly.com/giftcards/fbef9b57-e0b0-4ead-aee3-fdc2bc80e2db.png']", "created_at": "2024-06-20T07:22:23.424Z"}}, {"model": "api.giftcardtransactionorderproduct", "pk": 9, "fields": {"GiftCardTransaction": 7, "productName": "Amazon US", "productId": 5, "quantity": 2, "recipientAmount": "2.00", "recipientCurrency": "USD", "AmountToPay": "45.06", "currencyToPayIn": "GHS", "img": "['https://cdn.reloadly.com/giftcards/fbef9b57-e0b0-4ead-aee3-fdc2bc80e2db.png']", "created_at": "2024-06-20T07:32:23.922Z"}}, {"model": "api.giftcardtransactionorderproduct", "pk": 10, "fields": {"GiftCardTransaction": 7, "productName": "Amazon Canada", "productId": 6, "quantity": 1, "recipientAmount": "5.00", "recipientCurrency": "CAD", "AmountToPay": "70.18", "currencyToPayIn": "GHS", "img": "['https://cdn.reloadly.com/giftcards/fbef9b57-e0b0-4ead-aee3-fdc2bc80e2db.png']", "created_at": "2024-06-20T07:32:23.925Z"}}, {"model": "api.giftcardtransactionorderproduct", "pk": 11, "fields": {"GiftCardTransaction": 8, "productName": "Amazon US", "productId": 5, "quantity": 2, "recipientAmount": "2.00", "recipientCurrency": "USD", "AmountToPay": "45.06", "currencyToPayIn": "GHS", "img": "['https://cdn.reloadly.com/giftcards/fbef9b57-e0b0-4ead-aee3-fdc2bc80e2db.png']", "created_at": "2024-06-20T08:04:03.366Z"}}, {"model": "api.giftcardtransactionorderproduct", "pk": 12, "fields": {"GiftCardTransaction": 8, "productName": "Amazon Canada", "productId": 6, "quantity": 1, "recipientAmount": "5.00", "recipientCurrency": "CAD", "AmountToPay": "70.18", "currencyToPayIn": "GHS", "img": "['https://cdn.reloadly.com/giftcards/fbef9b57-e0b0-4ead-aee3-fdc2bc80e2db.png']", "created_at": "2024-06-20T08:04:03.369Z"}}, {"model": "api.giftcardtransactionorderproduct", "pk": 13, "fields": {"GiftCardTransaction": 9, "productName": "Amazon US", "productId": 5, "quantity": 2, "recipientAmount": "2.00", "recipientCurrency": "USD", "AmountToPay": "45.06", "currencyToPayIn": "GHS", "img": "['https://cdn.reloadly.com/giftcards/fbef9b57-e0b0-4ead-aee3-fdc2bc80e2db.png']", "created_at": "2024-06-20T08:06:28.382Z"}}, {"model": "api.giftcardtransactionorderproduct", "pk": 14, "fields": {"GiftCardTransaction": 9, "productName": "Amazon Canada", "productId": 6, "quantity": 1, "recipientAmount": "5.00", "recipientCurrency": "CAD", "AmountToPay": "70.18", "currencyToPayIn": "GHS", "img": "['https://cdn.reloadly.com/giftcards/fbef9b57-e0b0-4ead-aee3-fdc2bc80e2db.png']", "created_at": "2024-06-20T08:06:28.386Z"}}, {"model": "api.giftcardtransactionorderproduct", "pk": 15, "fields": {"GiftCardTransaction": 10, "productName": "Amazon US", "productId": 5, "quantity": 2, "recipientAmount": "2.00", "recipientCurrency": "USD", "AmountToPay": "45.06", "currencyToPayIn": "GHS", "img": "['https://cdn.reloadly.com/giftcards/fbef9b57-e0b0-4ead-aee3-fdc2bc80e2db.png']", "created_at": "2024-06-20T08:08:09.517Z"}}, {"model": "api.giftcardtransactionorderproduct", "pk": 16, "fields": {"GiftCardTransaction": 10, "productName": "Amazon Canada", "productId": 6, "quantity": 1, "recipientAmount": "5.00", "recipientCurrency": "CAD", "AmountToPay": "70.18", "currencyToPayIn": "GHS", "img": "['https://cdn.reloadly.com/giftcards/fbef9b57-e0b0-4ead-aee3-fdc2bc80e2db.png']", "created_at": "2024-06-20T08:08:09.520Z"}}, {"model": "api.giftcardtransactionorderproduct", "pk": 17, "fields": {"GiftCardTransaction": 11, "productName": "Amazon US", "productId": 5, "quantity": 2, "recipientAmount": "2.00", "recipientCurrency": "USD", "AmountToPay": "30.22", "currencyToPayIn": "GHS", "img": "['https://cdn.reloadly.com/giftcards/fbef9b57-e0b0-4ead-aee3-fdc2bc80e2db.png']", "created_at": "2024-06-20T15:08:47.774Z"}}, {"model": "api.giftcardtransactionorderproduct", "pk": 18, "fields": {"GiftCardTransaction": 11, "productName": "Xbox UK", "productId": 15857, "quantity": 1, "recipientAmount": "5.00", "recipientCurrency": "GBP", "AmountToPay": "96.02", "currencyToPayIn": "GHS", "img": "['https://cdn.reloadly.com/giftcards/28c35815-9fdc-4d29-91c6-73e6e3b2303d.png']", "created_at": "2024-06-20T15:08:47.781Z"}}, {"model": "api.giftcardtransactionorderproduct", "pk": 19, "fields": {"GiftCardTransaction": 11, "productName": "Steam Argentina ARS300", "productId": 11831, "quantity": 1, "recipientAmount": "4.00", "recipientCurrency": "USD", "AmountToPay": "60.42", "currencyToPayIn": "GHS", "img": "['https://cdn.reloadly.com/giftcards/c2c13962-5d26-468f-894e-0e90e95136ea.jpg']", "created_at": "2024-06-20T15:08:47.786Z"}}, {"model": "api.giftcardtransactionorderproduct", "pk": 20, "fields": {"GiftCardTransaction": 12, "productName": "Amazon US", "productId": 5, "quantity": 2, "recipientAmount": "2.00", "recipientCurrency": "USD", "AmountToPay": "30.22", "currencyToPayIn": "GHS", "img": "['https://cdn.reloadly.com/giftcards/fbef9b57-e0b0-4ead-aee3-fdc2bc80e2db.png']", "created_at": "2024-06-20T15:14:33.295Z"}}, {"model": "api.giftcardtransactionorderproduct", "pk": 21, "fields": {"GiftCardTransaction": 12, "productName": "Xbox UK", "productId": 15857, "quantity": 1, "recipientAmount": "5.00", "recipientCurrency": "GBP", "AmountToPay": "96.02", "currencyToPayIn": "GHS", "img": "['https://cdn.reloadly.com/giftcards/28c35815-9fdc-4d29-91c6-73e6e3b2303d.png']", "created_at": "2024-06-20T15:14:33.299Z"}}, {"model": "api.giftcardtransactionorderproduct", "pk": 22, "fields": {"GiftCardTransaction": 12, "productName": "Steam Argentina ARS300", "productId": 11831, "quantity": 1, "recipientAmount": "4.00", "recipientCurrency": "USD", "AmountToPay": "60.42", "currencyToPayIn": "GHS", "img": "['https://cdn.reloadly.com/giftcards/c2c13962-5d26-468f-894e-0e90e95136ea.jpg']", "created_at": "2024-06-20T15:14:33.307Z"}}, {"model": "api.giftcardtransactionorderproduct", "pk": 23, "fields": {"GiftCardTransaction": 13, "productName": "Airbnb US", "productId": 18270, "quantity": 1, "recipientAmount": "25.00", "recipientCurrency": "USD", "AmountToPay": "377.75", "currencyToPayIn": "GHS", "img": "['https://cdn.reloadly.com/giftcards/6808b1b1-b303-4283-a5a5-5f7fe3618324.png']", "created_at": "2024-06-20T15:21:41.202Z"}}, {"model": "api.giftcardtransactionorderproduct", "pk": 24, "fields": {"GiftCardTransaction": 13, "productName": "PlayStation US", "productId": 8624, "quantity": 1, "recipientAmount": "10.00", "recipientCurrency": "USD", "AmountToPay": "151.06", "currencyToPayIn": "GHS", "img": "['https://cdn.reloadly.com/giftcards/d9f35de2-e87d-4697-ab23-fb04f9090931.png']", "created_at": "2024-06-20T15:21:41.208Z"}}, {"model": "api.giftcardtransactionorderproduct", "pk": 25, "fields": {"GiftCardTransaction": 14, "productName": "PlayStation Plus US", "productId": 15581, "quantity": 1, "recipientAmount": "59.99", "recipientCurrency": "USD", "AmountToPay": "906.20", "currencyToPayIn": "GHS", "img": "['https://cdn.reloadly.com/giftcards/f5ed161c-7dc5-4607-a722-709ccde22f80.jpg']", "created_at": "2024-06-20T22:06:11.307Z"}}, {"model": "api.giftcardtransactionorderproduct", "pk": 26, "fields": {"GiftCardTransaction": 15, "productName": "PlayStation US", "productId": 8624, "quantity": 1, "recipientAmount": "100.00", "recipientCurrency": "USD", "AmountToPay": "1525.84", "currencyToPayIn": "GHS", "img": "https://cdn.reloadly.com/giftcards/d9f35de2-e87d-4697-ab23-fb04f9090931.png", "created_at": "2024-07-24T11:51:53.308Z"}}, {"model": "api.giftcardtransactionorderproduct", "pk": 27, "fields": {"GiftCardTransaction": 15, "productName": "PlayStation US", "productId": 8624, "quantity": 1, "recipientAmount": "10.00", "recipientCurrency": "USD", "AmountToPay": "152.58", "currencyToPayIn": "GHS", "img": "https://cdn.reloadly.com/giftcards/d9f35de2-e87d-4697-ab23-fb04f9090931.png", "created_at": "2024-07-24T11:51:53.317Z"}}, {"model": "api.paymentdetails", "pk": 1, "fields": {"GiftCardTransaction": 1, "message": "Approved", "status": "success", "transaction": "3898766713", "trxref": "dXUca41dzU", "created_at": "2024-06-20T07:17:42.441Z"}}, {"model": "api.paymentdetails", "pk": 2, "fields": {"GiftCardTransaction": 2, "message": "Approved", "status": "success", "transaction": "3898768149", "trxref": "K_lxbv9PYz", "created_at": "2024-06-20T07:18:24.694Z"}}, {"model": "api.paymentdetails", "pk": 3, "fields": {"GiftCardTransaction": 3, "message": "Approved", "status": "success", "transaction": "3898772511", "trxref": "fv1J9u5_-S", "created_at": "2024-06-20T07:20:29.516Z"}}, {"model": "api.paymentdetails", "pk": 4, "fields": {"GiftCardTransaction": 4, "message": "Approved", "status": "success", "transaction": "3898776084", "trxref": "RDlfKA3r3T", "created_at": "2024-06-20T07:22:23.428Z"}}, {"model": "api.paymentdetails", "pk": 7, "fields": {"GiftCardTransaction": 7, "message": "Approved", "status": "success", "transaction": "3898797331", "trxref": "DK46-zD2fH", "created_at": "2024-06-20T07:32:23.927Z"}}, {"model": "api.paymentdetails", "pk": 8, "fields": {"GiftCardTransaction": 8, "message": "Approved", "status": "success", "transaction": "3898900827", "trxref": "9U-_1zUdUB", "created_at": "2024-06-20T08:04:03.373Z"}}, {"model": "api.paymentdetails", "pk": 9, "fields": {"GiftCardTransaction": 9, "message": "Approved", "status": "success", "transaction": "3898913698", "trxref": "kq7xh_YyYe", "created_at": "2024-06-20T08:06:28.388Z"}}, {"model": "api.paymentdetails", "pk": 10, "fields": {"GiftCardTransaction": 10, "message": "Approved", "status": "success", "transaction": "3898922370", "trxref": "zX4ghBIS1z", "created_at": "2024-06-20T08:08:09.522Z"}}, {"model": "api.paymentdetails", "pk": 11, "fields": {"GiftCardTransaction": 11, "message": "Approved", "status": "success", "transaction": "3900196575", "trxref": "DSB-Jl3hAEl38OW9l2", "created_at": "2024-06-20T15:08:47.786Z"}}, {"model": "api.paymentdetails", "pk": 12, "fields": {"GiftCardTransaction": 12, "message": "Approved", "status": "success", "transaction": "3900208704", "trxref": "DSB-x4cf8ACDVXYGkm", "created_at": "2024-06-20T15:14:33.307Z"}}, {"model": "api.paymentdetails", "pk": 13, "fields": {"GiftCardTransaction": 13, "message": "Approved", "status": "success", "transaction": "3900223079", "trxref": "DSB--1HE5Fm0DJnEir", "created_at": "2024-06-20T15:21:41.212Z"}}, {"model": "api.paymentdetails", "pk": 14, "fields": {"GiftCardTransaction": 14, "message": "Approved", "status": "success", "transaction": "3901305015", "trxref": "DSB-J23Ab0iQKA359_", "created_at": "2024-06-20T22:06:11.312Z"}}, {"model": "api.paymentdetails", "pk": 15, "fields": {"GiftCardTransaction": 15, "message": "Approved", "status": "success", "transaction": "4009929690", "trxref": "DSB-4gSuxCR9rMJ_c3", "created_at": "2024-07-24T11:51:53.320Z"}}, {"model": "api.userdevicegiftcardpayment", "pk": 1, "fields": {"GiftCardTransaction": 1, "ip_address": "102.176.66.38"}}, {"model": "api.userdevicegiftcardpayment", "pk": 2, "fields": {"GiftCardTransaction": 2, "ip_address": "102.176.66.38"}}, {"model": "api.userdevicegiftcardpayment", "pk": 3, "fields": {"GiftCardTransaction": 3, "ip_address": "102.176.66.38"}}, {"model": "api.userdevicegiftcardpayment", "pk": 4, "fields": {"GiftCardTransaction": 4, "ip_address": "102.176.66.38"}}, {"model": "api.userdevicegiftcardpayment", "pk": 7, "fields": {"GiftCardTransaction": 7, "ip_address": "102.176.66.38"}}, {"model": "api.userdevicegiftcardpayment", "pk": 8, "fields": {"GiftCardTransaction": 8, "ip_address": "102.176.66.38"}}, {"model": "api.userdevicegiftcardpayment", "pk": 9, "fields": {"GiftCardTransaction": 9, "ip_address": "102.176.66.38"}}, {"model": "api.userdevicegiftcardpayment", "pk": 10, "fields": {"GiftCardTransaction": 10, "ip_address": "102.176.66.38"}}, {"model": "api.userdevicegiftcardpayment", "pk": 11, "fields": {"GiftCardTransaction": 11, "ip_address": "102.176.66.201"}}, {"model": "api.userdevicegiftcardpayment", "pk": 12, "fields": {"GiftCardTransaction": 12, "ip_address": "102.176.66.201"}}, {"model": "api.userdevicegiftcardpayment", "pk": 13, "fields": {"GiftCardTransaction": 13, "ip_address": "102.176.66.201"}}, {"model": "api.userdevicegiftcardpayment", "pk": 14, "fields": {"GiftCardTransaction": 14, "ip_address": "102.176.66.99"}}, {"model": "api.userdevicegiftcardpayment", "pk": 15, "fields": {"GiftCardTransaction": 15, "ip_address": "102.176.94.114"}}, {"model": "api.transactionproduct", "pk": 3, "fields": {"GiftCardTransaction": 4, "transactionId": 31765, "amount": "90.09", "discount": "0.54", "currencyCode": "GHS", "fee": "30.21", "status": "SUCCESSFUL", "product": "{\"productId\": 5, \"productName\": \"Amazon US\", \"countryCode\": \"US\", \"quantity\": 2, \"unitPrice\": 2, \"totalPrice\": 4, \"currencyCode\": \"USD\", \"brand\": {\"brandId\": 2, \"brandName\": \"Amazon\"}}", "transaction_created_at": "2024-06-20T03:22:27Z", "redeem_data": "[{\"cardNumber\": \"Z1k4Ktest\", \"pinCode\": \"20302test\"}, {\"cardNumber\": \"xHeQ7test\", \"pinCode\": \"01436test\"}]", "created_at": "2024-06-20T07:22:26.248Z"}}, {"model": "api.transactionproduct", "pk": 4, "fields": {"GiftCardTransaction": 7, "transactionId": 31766, "amount": "90.09", "discount": "0.54", "currencyCode": "GHS", "fee": "30.21", "status": "SUCCESSFUL", "product": "{\"productId\": 5, \"productName\": \"Amazon US\", \"countryCode\": \"US\", \"quantity\": 2, \"unitPrice\": 2, \"totalPrice\": 4, \"currencyCode\": \"USD\", \"brand\": {\"brandId\": 2, \"brandName\": \"Amazon\"}}", "transaction_created_at": "2024-06-20T03:32:32Z", "redeem_data": "[{\"cardNumber\": \"MhHJYtest\", \"pinCode\": \"72079test\"}, {\"cardNumber\": \"85ljvtest\", \"pinCode\": \"01035test\"}]", "created_at": "2024-06-20T07:32:31.717Z"}}, {"model": "api.transactionproduct", "pk": 5, "fields": {"GiftCardTransaction": 7, "transactionId": 31767, "amount": "70.17", "discount": "0.00", "currencyCode": "GHS", "fee": "15.11", "status": "SUCCESSFUL", "product": "{\"productId\": 6, \"productName\": \"Amazon Canada\", \"countryCode\": \"CA\", \"quantity\": 1, \"unitPrice\": 5.0, \"totalPrice\": 5.0, \"currencyCode\": \"CAD\", \"brand\": {\"brandId\": 2, \"brandName\": \"Amazon\"}}", "transaction_created_at": "2024-06-20T03:32:32Z", "redeem_data": "[{\"cardNumber\": \"mHFtctest\", \"pinCode\": \"47403test\"}]", "created_at": "2024-06-20T07:32:31.744Z"}}, {"model": "api.transactionproduct", "pk": 6, "fields": {"GiftCardTransaction": 8, "transactionId": 31769, "amount": "90.09", "discount": "0.54", "currencyCode": "GHS", "fee": "30.21", "status": "SUCCESSFUL", "product": "{\"productId\": 5, \"productName\": \"Amazon US\", \"countryCode\": \"US\", \"quantity\": 2, \"unitPrice\": 2, \"totalPrice\": 4, \"currencyCode\": \"USD\", \"brand\": {\"brandId\": 2, \"brandName\": \"Amazon\"}}", "transaction_created_at": "2024-06-20T04:04:06Z", "redeem_data": "[{\"cardNumber\": \"H7mJ9test\", \"pinCode\": \"79558test\"}, {\"cardNumber\": \"frl50test\", \"pinCode\": \"35553test\"}]", "created_at": "2024-06-20T08:04:05.196Z"}}, {"model": "api.transactionproduct", "pk": 7, "fields": {"GiftCardTransaction": 8, "transactionId": 31770, "amount": "70.17", "discount": "0.00", "currencyCode": "GHS", "fee": "15.11", "status": "SUCCESSFUL", "product": "{\"productId\": 6, \"productName\": \"Amazon Canada\", \"countryCode\": \"CA\", \"quantity\": 1, \"unitPrice\": 5.0, \"totalPrice\": 5.0, \"currencyCode\": \"CAD\", \"brand\": {\"brandId\": 2, \"brandName\": \"Amazon\"}}", "transaction_created_at": "2024-06-20T04:04:06Z", "redeem_data": "[{\"cardNumber\": \"XsVtmtest\", \"pinCode\": \"76891test\"}]", "created_at": "2024-06-20T08:04:05.195Z"}}, {"model": "api.transactionproduct", "pk": 8, "fields": {"GiftCardTransaction": 9, "transactionId": 31771, "amount": "90.09", "discount": "0.54", "currencyCode": "GHS", "fee": "30.21", "status": "SUCCESSFUL", "product": "{\"productId\": 5, \"productName\": \"Amazon US\", \"countryCode\": \"US\", \"quantity\": 2, \"unitPrice\": 2, \"totalPrice\": 4, \"currencyCode\": \"USD\", \"brand\": {\"brandId\": 2, \"brandName\": \"Amazon\"}}", "transaction_created_at": "2024-06-20T04:06:33Z", "redeem_data": "[{\"cardNumber\": \"yUGBotest\", \"pinCode\": \"90679test\"}, {\"cardNumber\": \"ZbPpktest\", \"pinCode\": \"62372test\"}]", "created_at": "2024-06-20T08:06:32.159Z"}}, {"model": "api.transactionproduct", "pk": 9, "fields": {"GiftCardTransaction": 9, "transactionId": 31772, "amount": "70.17", "discount": "0.00", "currencyCode": "GHS", "fee": "15.11", "status": "SUCCESSFUL", "product": "{\"productId\": 6, \"productName\": \"Amazon Canada\", \"countryCode\": \"CA\", \"quantity\": 1, \"unitPrice\": 5.0, \"totalPrice\": 5.0, \"currencyCode\": \"CAD\", \"brand\": {\"brandId\": 2, \"brandName\": \"Amazon\"}}", "transaction_created_at": "2024-06-20T04:06:33Z", "redeem_data": "[{\"cardNumber\": \"e2Y9mtest\", \"pinCode\": \"06886test\"}]", "created_at": "2024-06-20T08:06:32.705Z"}}, {"model": "api.transactionproduct", "pk": 10, "fields": {"GiftCardTransaction": 10, "transactionId": 31773, "amount": "90.09", "discount": "0.54", "currencyCode": "GHS", "fee": "30.21", "status": "SUCCESSFUL", "product": "{\"productId\": 5, \"productName\": \"Amazon US\", \"countryCode\": \"US\", \"quantity\": 2, \"unitPrice\": 2, \"totalPrice\": 4, \"currencyCode\": \"USD\", \"brand\": {\"brandId\": 2, \"brandName\": \"Amazon\"}}", "transaction_created_at": "2024-06-20T04:08:12Z", "redeem_data": "[{\"cardNumber\": \"7xfAwtest\", \"pinCode\": \"35827test\"}, {\"cardNumber\": \"0YXTjtest\", \"pinCode\": \"20183test\"}]", "created_at": "2024-06-20T08:08:11.097Z"}}, {"model": "api.transactionproduct", "pk": 11, "fields": {"GiftCardTransaction": 10, "transactionId": 31774, "amount": "70.17", "discount": "0.00", "currencyCode": "GHS", "fee": "15.11", "status": "SUCCESSFUL", "product": "{\"productId\": 6, \"productName\": \"Amazon Canada\", \"countryCode\": \"CA\", \"quantity\": 1, \"unitPrice\": 5.0, \"totalPrice\": 5.0, \"currencyCode\": \"CAD\", \"brand\": {\"brandId\": 2, \"brandName\": \"Amazon\"}}", "transaction_created_at": "2024-06-20T04:08:12Z", "redeem_data": "[{\"cardNumber\": \"BKSodtest\", \"pinCode\": \"57194test\"}]", "created_at": "2024-06-20T08:08:11.204Z"}}, {"model": "api.transactionproduct", "pk": 12, "fields": {"GiftCardTransaction": 11, "transactionId": 31808, "amount": "109.68", "discount": "1.44", "currencyCode": "GHS", "fee": "15.11", "status": "SUCCESSFUL", "product": "{\"productId\": 15857, \"productName\": \"Xbox UK\", \"countryCode\": \"GB\", \"quantity\": 1, \"unitPrice\": 5.0, \"totalPrice\": 5.0, \"currencyCode\": \"GBP\", \"brand\": {\"brandId\": 93, \"brandName\": \"Xbox\"}}", "transaction_created_at": "2024-06-20T11:08:52Z", "redeem_data": "[{\"cardNumber\": \"tCTPGtest\", \"pinCode\": \"15355test\"}]", "created_at": "2024-06-20T15:08:50.607Z"}}, {"model": "api.transactionproduct", "pk": 13, "fields": {"GiftCardTransaction": 11, "transactionId": 31809, "amount": "74.32", "discount": "1.21", "currencyCode": "GHS", "fee": "15.11", "status": "SUCCESSFUL", "product": "{\"productId\": 11831, \"productName\": \"Steam Argentina ARS300\", \"countryCode\": \"AR\", \"quantity\": 1, \"unitPrice\": 4.0, \"totalPrice\": 4.0, \"currencyCode\": \"USD\", \"brand\": {\"brandId\": 72, \"brandName\": \"Steam\"}}", "transaction_created_at": "2024-06-20T11:08:52Z", "redeem_data": "[{\"cardNumber\": \"6KGPutest\", \"pinCode\": \"93293test\"}]", "created_at": "2024-06-20T15:08:50.614Z"}}, {"model": "api.transactionproduct", "pk": 14, "fields": {"GiftCardTransaction": 11, "transactionId": 31810, "amount": "90.09", "discount": "0.54", "currencyCode": "GHS", "fee": "30.21", "status": "SUCCESSFUL", "product": "{\"productId\": 5, \"productName\": \"Amazon US\", \"countryCode\": \"US\", \"quantity\": 2, \"unitPrice\": 2, \"totalPrice\": 4, \"currencyCode\": \"USD\", \"brand\": {\"brandId\": 2, \"brandName\": \"Amazon\"}}", "transaction_created_at": "2024-06-20T11:08:52Z", "redeem_data": "[{\"cardNumber\": \"fFvqCtest\", \"pinCode\": \"99927test\"}, {\"cardNumber\": \"BygCrtest\", \"pinCode\": \"12915test\"}]", "created_at": "2024-06-20T15:08:50.614Z"}}, {"model": "api.transactionproduct", "pk": 15, "fields": {"GiftCardTransaction": 12, "transactionId": 31811, "amount": "90.09", "discount": "0.54", "currencyCode": "GHS", "fee": "30.21", "status": "SUCCESSFUL", "product": "{\"productId\": 5, \"productName\": \"Amazon US\", \"countryCode\": \"US\", \"quantity\": 2, \"unitPrice\": 2, \"totalPrice\": 4, \"currencyCode\": \"USD\", \"brand\": {\"brandId\": 2, \"brandName\": \"Amazon\"}}", "transaction_created_at": "2024-06-20T11:14:37Z", "redeem_data": "[{\"cardNumber\": \"WJGHZtest\", \"pinCode\": \"07593test\"}, {\"cardNumber\": \"spQZOtest\", \"pinCode\": \"27402test\"}]", "created_at": "2024-06-20T15:14:34.761Z"}}, {"model": "api.transactionproduct", "pk": 16, "fields": {"GiftCardTransaction": 12, "transactionId": 31812, "amount": "74.32", "discount": "1.21", "currencyCode": "GHS", "fee": "15.11", "status": "SUCCESSFUL", "product": "{\"productId\": 11831, \"productName\": \"Steam Argentina ARS300\", \"countryCode\": \"AR\", \"quantity\": 1, \"unitPrice\": 4.0, \"totalPrice\": 4.0, \"currencyCode\": \"USD\", \"brand\": {\"brandId\": 72, \"brandName\": \"Steam\"}}", "transaction_created_at": "2024-06-20T11:14:37Z", "redeem_data": "[{\"cardNumber\": \"qyfm1test\", \"pinCode\": \"79189test\"}]", "created_at": "2024-06-20T15:14:34.807Z"}}, {"model": "api.transactionproduct", "pk": 17, "fields": {"GiftCardTransaction": 12, "transactionId": 31813, "amount": "109.68", "discount": "1.44", "currencyCode": "GHS", "fee": "15.11", "status": "SUCCESSFUL", "product": "{\"productId\": 15857, \"productName\": \"Xbox UK\", \"countryCode\": \"GB\", \"quantity\": 1, \"unitPrice\": 5.0, \"totalPrice\": 5.0, \"currencyCode\": \"GBP\", \"brand\": {\"brandId\": 93, \"brandName\": \"Xbox\"}}", "transaction_created_at": "2024-06-20T11:14:37Z", "redeem_data": "[{\"cardNumber\": \"hLUtctest\", \"pinCode\": \"69638test\"}]", "created_at": "2024-06-20T15:14:34.824Z"}}, {"model": "api.transactionproduct", "pk": 18, "fields": {"GiftCardTransaction": 13, "transactionId": 31815, "amount": "158.61", "discount": "7.55", "currencyCode": "GHS", "fee": "15.11", "status": "SUCCESSFUL", "product": "{\"productId\": 8624, \"productName\": \"PlayStation US\", \"countryCode\": \"US\", \"quantity\": 1, \"unitPrice\": 10.0, \"totalPrice\": 10.0, \"currencyCode\": \"USD\", \"brand\": {\"brandId\": 53, \"brandName\": \"PlayStation\"}}", "transaction_created_at": "2024-06-20T11:21:44Z", "redeem_data": "[{\"cardNumber\": \"NEuCBtest\", \"pinCode\": \"37648test\"}]", "created_at": "2024-06-20T15:21:42.540Z"}}, {"model": "api.transactionproduct", "pk": 19, "fields": {"GiftCardTransaction": 13, "transactionId": 31814, "amount": "392.75", "discount": "0.00", "currencyCode": "GHS", "fee": "15.11", "status": "SUCCESSFUL", "product": "{\"productId\": 18270, \"productName\": \"Airbnb US\", \"countryCode\": \"US\", \"quantity\": 1, \"unitPrice\": 25, \"totalPrice\": 25, \"currencyCode\": \"USD\", \"brand\": {\"brandId\": 157, \"brandName\": \"Airbnb\"}}", "transaction_created_at": "2024-06-20T11:21:44Z", "redeem_data": "[{\"cardNumber\": \"NbGoLtest\", \"pinCode\": \"30912test\"}]", "created_at": "2024-06-20T15:21:42.540Z"}}, {"model": "api.transactionproduct", "pk": 20, "fields": {"GiftCardTransaction": 15, "transactionId": 34297, "amount": "162.23", "discount": "7.73", "currencyCode": "GHS", "fee": "15.45", "status": "SUCCESSFUL", "product": "{\"productId\": 8624, \"productName\": \"PlayStation US\", \"countryCode\": \"US\", \"quantity\": 1, \"unitPrice\": 10.0, \"totalPrice\": 10.0, \"currencyCode\": \"USD\", \"brand\": {\"brandId\": 53, \"brandName\": \"PlayStation\"}}", "transaction_created_at": "2024-07-24T07:51:57Z", "redeem_data": "[{\"cardNumber\": \"TRV0Otest\", \"pinCode\": \"53530test\"}]", "created_at": "2024-07-24T11:51:57.352Z"}}, {"model": "api.transactionproduct", "pk": 21, "fields": {"GiftCardTransaction": 15, "transactionId": 34298, "amount": "1483.25", "discount": "77.25", "currencyCode": "GHS", "fee": "15.45", "status": "SUCCESSFUL", "product": "{\"productId\": 8624, \"productName\": \"PlayStation US\", \"countryCode\": \"US\", \"quantity\": 1, \"unitPrice\": 100.0, \"totalPrice\": 100.0, \"currencyCode\": \"USD\", \"brand\": {\"brandId\": 53, \"brandName\": \"PlayStation\"}}", "transaction_created_at": "2024-07-24T07:51:57Z", "redeem_data": "[{\"cardNumber\": \"Jt96Qtest\", \"pinCode\": \"17000test\"}]", "created_at": "2024-07-24T11:51:57.363Z"}}, {"model": "api.errorlog", "pk": 1, "fields": {"reference": "i2weEFV6PI", "email": "Newusername@gmail.com", "error_message": "make_api_requests() takes 4 positional arguments but 5 were given", "error_details": "{\"reference\": \"i2weEFV6PI\", \"products\": [{\"productName\": \"Amazon US\", \"productId\": 5, \"quantity\": \"2\", \"recipientAmount\": \"2\", \"recipientCurrency\": \"USD\", \"AmountToPay\": 45.06, \"currencyToPayIn\": \"GHS\", \"img\": \"['https://cdn.reloadly.com/giftcards/fbef9b57-e0b0-4ead-aee3-fdc2bc80e2db.png']\", \"processing_fee\": 15.02, \"GiftCardTransaction\": 5, \"transaction\": 5}, {\"productName\": \"Amazon Canada\", \"productId\": 6, \"quantity\": 1, \"recipientAmount\": \"5.00\", \"recipientCurrency\": \"CAD\", \"AmountToPay\": \"70.18\", \"currencyToPayIn\": \"GHS\", \"img\": \"['https://cdn.reloadly.com/giftcards/fbef9b57-e0b0-4ead-aee3-fdc2bc80e2db.png']\", \"processing_fee\": 15.11, \"GiftCardTransaction\": 5, \"transaction\": 5}], \"amount\": 160.3, \"country\": \"GH\", \"email\": \"Newusername@gmail.com\", \"user_type\": \"guest\", \"payment_method\": \"cbc\"}", "resolve": false, "created_at": "2024-06-20T07:30:24.126Z"}}, {"model": "api.errorlog", "pk": 2, "fields": {"reference": "LScpEFORQi", "email": "Newusername@gmail.com", "error_message": "make_api_requests() takes 4 positional arguments but 5 were given", "error_details": "{\"reference\": \"LScpEFORQi\", \"products\": [{\"productName\": \"Amazon US\", \"productId\": 5, \"quantity\": \"2\", \"recipientAmount\": \"2\", \"recipientCurrency\": \"USD\", \"AmountToPay\": 45.06, \"currencyToPayIn\": \"GHS\", \"img\": \"['https://cdn.reloadly.com/giftcards/fbef9b57-e0b0-4ead-aee3-fdc2bc80e2db.png']\", \"processing_fee\": 15.02, \"GiftCardTransaction\": 6, \"transaction\": 6}, {\"productName\": \"Amazon Canada\", \"productId\": 6, \"quantity\": 1, \"recipientAmount\": \"5.00\", \"recipientCurrency\": \"CAD\", \"AmountToPay\": \"70.18\", \"currencyToPayIn\": \"GHS\", \"img\": \"['https://cdn.reloadly.com/giftcards/fbef9b57-e0b0-4ead-aee3-fdc2bc80e2db.png']\", \"processing_fee\": 15.11, \"GiftCardTransaction\": 6, \"transaction\": 6}], \"amount\": 160.3, \"country\": \"GH\", \"email\": \"Newusername@gmail.com\", \"user_type\": \"guest\", \"payment_method\": \"cbc\"}", "resolve": false, "created_at": "2024-06-20T07:31:23.422Z"}}, {"model": "api.errorlog", "pk": 3, "fields": {"reference": "DSB-RQkXfH_Yxg6_sO", "email": "crazyUser@gmail.com", "error_message": "{'amount': [ErrorDetail(string='Ensure that there are no more than 9 digits in total.', code='max_digits')]}", "error_details": "{\"reference\": \"DSB-RQkXfH_Yxg6_sO\", \"products\": [{\"id\": 1, \"productName\": \"PlayStation US\", \"productId\": 8624, \"quantity\": 1, \"recipientAmount\": \"10.00\", \"recipientCurrency\": \"USD\", \"AmountToPay\": \"151.06\", \"currencyToPayIn\": \"GHS\", \"img\": [\"https://cdn.reloadly.com/giftcards/d9f35de2-e87d-4697-ab23-fb04f9090931.png\"], \"processing_fee\": 15.11}], \"amount\": 166.17000000000002, \"country\": \"GH\", \"email\": \"crazyUser@gmail.com\", \"user_type\": \"guest\", \"payment_method\": \"cbc\"}", "resolve": false, "created_at": "2024-06-20T15:34:03.902Z"}}, {"model": "api.topuptransaction", "pk": 1, "fields": {"user": null, "user_type": "guest", "reference": "qUoxAKhHO7raiQ", "operator": "Telecel Ghana", "phone_number": "+233500872933", "receiver_amount": "4.00", "receiver_country": "Ghana", "receiver_currency_code": "GHS", "total_paid": "4.60", "sender_currency": "GHS", "sender_country": "GH", "processing_fee": "0.60", "payment_method": "cbc", "email": "crazyUser@gmail.com", "reloader_transaction": {"fee": 0, "status": "SUCCESSFUL", "discount": 0, "pinDetail": null, "operatorId": 155, "balanceInfo": {"cost": 4.0, "updatedAt": "2024-07-10 12:10:45", "newBalance": 1894.14103, "oldBalance": 1898.14103, "currencyCode": "GHS", "currencyName": "Ghanaian Cedi"}, "countryCode": "GH", "senderPhone": null, "operatorName": "Telecel Ghana", "transactionId": 117763, "recipientEmail": "crazyUser@gmail.com", "recipientPhone": "233500872933", "deliveredAmount": 4, "requestedAmount": 4, "transactionDate": "2024-07-10 08:15:02", "customIdentifier": "qUoxAKhHO7raiQ", "discountCurrencyCode": "GHS", "operatorTransactionId": null, "deliveredAmountCurrencyCode": "GHS", "requestedAmountCurrencyCode": "GHS"}, "paystack_very_transaction": {"data": {"id": 3966437638, "log": {"input": [], "errors": 0, "mobile": false, "history": [{"time": 2, "type": "action", "message": "Attempted to pay with card"}, {"time": 4, "type": "success", "message": "Successfully paid with card"}], "success": true, "attempts": 1, "start_time": 1720613691, "time_spent": 4}, "fees": 9, "plan": null, "split": {}, "amount": 460, "domain": "test", "paidAt": "2024-07-10T12:14:55.000Z", "source": null, "status": "success", "channel": "card", "connect": null, "message": null, "paid_at": "2024-07-10T12:14:55.000Z", "currency": "GHS", "customer": {"id": 170486907, "email": "crazyuser@gmail.com", "phone": "", "metadata": null, "last_name": "", "first_name": "", "risk_action": "default", "customer_code": "CUS_kihucimum5qg9q3", "international_format_phone": null}, "metadata": {"referrer": "http://localhost:5173/#"}, "order_id": null, "createdAt": "2024-07-10T12:14:51.000Z", "reference": "qUoxAKhHO7raiQ", "created_at": "2024-07-10T12:14:51.000Z", "fees_split": null, "ip_address": "102.176.94.61", "subaccount": {}, "plan_object": {}, "authorization": {"bin": "408408", "bank": "TEST BANK", "brand": "visa", "last4": "4081", "channel": "card", "exp_year": "2030", "reusable": true, "card_type": "visa ", "exp_month": "12", "signature": "SIG_30OLHC0EW4FFwOqI8GSx", "account_name": null, "country_code": "GH", "receiver_bank": null, "authorization_code": "AUTH_dxguafl2so", "receiver_bank_account_number": null}, "fees_breakdown": null, "receipt_number": null, "gateway_response": "Successful", "requested_amount": 460, "transaction_date": "2024-07-10T12:14:51.000Z", "pos_transaction_data": null}, "status": true, "message": "Verification successful"}, "status": "SUCCESSFUL", "country": "GH", "created_at": "2024-07-10T12:15:01.538Z"}}, {"model": "api.topuptransaction", "pk": 2, "fields": {"user": null, "user_type": "guest", "reference": "6MmyS4aqHRlc3R", "operator": "Telecel Ghana", "phone_number": "+233500872933", "receiver_amount": "5.00", "receiver_country": "Ghana", "receiver_currency_code": "GHS", "total_paid": "5.75", "sender_currency": "GHS", "sender_country": "GH", "processing_fee": "0.75", "payment_method": "cbc", "email": "crazyUser@gmail.com", "reloader_transaction": {"fee": 0, "status": "SUCCESSFUL", "discount": 0, "pinDetail": null, "operatorId": 155, "balanceInfo": {"cost": 5.0, "updatedAt": "2024-07-10 12:15:03", "newBalance": 1889.14103, "oldBalance": 1894.14103, "currencyCode": "GHS", "currencyName": "Ghanaian Cedi"}, "countryCode": "GH", "senderPhone": null, "operatorName": "Telecel Ghana", "transactionId": 117778, "recipientEmail": "crazyUser@gmail.com", "recipientPhone": "233500872933", "deliveredAmount": 5, "requestedAmount": 5, "transactionDate": "2024-07-10 12:49:37", "customIdentifier": "6MmyS4aqHRlc3R", "discountCurrencyCode": "GHS", "operatorTransactionId": null, "deliveredAmountCurrencyCode": "GHS", "requestedAmountCurrencyCode": "GHS"}, "paystack_very_transaction": {"data": {"id": 3967216544, "log": {"input": [], "errors": 0, "mobile": false, "history": [{"time": 4, "type": "action", "message": "Attempted to pay with card"}, {"time": 5, "type": "success", "message": "Successfully paid with card"}], "success": true, "attempts": 1, "start_time": 1720630161, "time_spent": 5}, "fees": 12, "plan": null, "split": {}, "amount": 575, "domain": "test", "paidAt": "2024-07-10T16:49:26.000Z", "source": null, "status": "success", "channel": "card", "connect": null, "message": null, "paid_at": "2024-07-10T16:49:26.000Z", "currency": "GHS", "customer": {"id": 170486907, "email": "crazyuser@gmail.com", "phone": "", "metadata": null, "last_name": "", "first_name": "", "risk_action": "default", "customer_code": "CUS_kihucimum5qg9q3", "international_format_phone": null}, "metadata": {"referrer": "http://localhost:5173/#"}, "order_id": null, "createdAt": "2024-07-10T16:49:22.000Z", "reference": "6MmyS4aqHRlc3R", "created_at": "2024-07-10T16:49:22.000Z", "fees_split": null, "ip_address": "102.176.75.142", "subaccount": {}, "plan_object": {}, "authorization": {"bin": "408408", "bank": "TEST BANK", "brand": "visa", "last4": "4081", "channel": "card", "exp_year": "2030", "reusable": true, "card_type": "visa ", "exp_month": "12", "signature": "SIG_30OLHC0EW4FFwOqI8GSx", "account_name": null, "country_code": "GH", "receiver_bank": null, "authorization_code": "AUTH_7iuzm3o4bi", "receiver_bank_account_number": null}, "fees_breakdown": null, "receipt_number": null, "gateway_response": "Successful", "requested_amount": 575, "transaction_date": "2024-07-10T16:49:22.000Z", "pos_transaction_data": null}, "status": true, "message": "Verification successful"}, "status": "SUCCESSFUL", "country": "GH", "created_at": "2024-07-10T16:49:36.447Z"}}, {"model": "api.topuptransaction", "pk": 3, "fields": {"user": null, "user_type": "guest", "reference": "7IZvEa2LovMkAK", "operator": "Telecel Ghana", "phone_number": "+233500872933", "receiver_amount": "6.00", "receiver_country": "Ghana", "receiver_currency_code": "GHS", "total_paid": "6.90", "sender_currency": "GHS", "sender_country": "GH", "processing_fee": "0.90", "payment_method": "cbc", "email": "crazyUser@gmail.com", "reloader_transaction": {"fee": 0, "status": "SUCCESSFUL", "discount": 0, "pinDetail": null, "operatorId": 155, "balanceInfo": {"cost": 6.0, "updatedAt": "2024-07-10 16:49:37", "newBalance": 1883.14103, "oldBalance": 1889.14103, "currencyCode": "GHS", "currencyName": "Ghanaian Cedi"}, "countryCode": "GH", "senderPhone": null, "operatorName": "Telecel Ghana", "transactionId": 117993, "recipientEmail": "crazyUser@gmail.com", "recipientPhone": "233500872933", "deliveredAmount": 6, "requestedAmount": 6, "transactionDate": "2024-07-16 07:05:55", "customIdentifier": "7IZvEa2LovMkAK", "discountCurrencyCode": "GHS", "operatorTransactionId": null, "deliveredAmountCurrencyCode": "GHS", "requestedAmountCurrencyCode": "GHS"}, "paystack_very_transaction": {"data": {"id": 3985158706, "log": {"input": [], "errors": 0, "mobile": false, "history": [{"time": 3, "type": "action", "message": "Attempted to pay with card"}, {"time": 4, "type": "success", "message": "Successfully paid with card"}], "success": true, "attempts": 1, "start_time": 1721127946, "time_spent": 4}, "fees": 14, "plan": null, "split": {}, "amount": 690, "domain": "test", "paidAt": "2024-07-16T11:05:51.000Z", "source": null, "status": "success", "channel": "card", "connect": null, "message": null, "paid_at": "2024-07-16T11:05:51.000Z", "currency": "GHS", "customer": {"id": 170486907, "email": "crazyuser@gmail.com", "phone": "", "metadata": null, "last_name": "", "first_name": "", "risk_action": "default", "customer_code": "CUS_kihucimum5qg9q3", "international_format_phone": null}, "metadata": {"referrer": "http://localhost:5173/#"}, "order_id": null, "createdAt": "2024-07-16T11:05:46.000Z", "reference": "7IZvEa2LovMkAK", "created_at": "2024-07-16T11:05:46.000Z", "fees_split": null, "ip_address": "102.176.75.152", "subaccount": {}, "plan_object": {}, "authorization": {"bin": "408408", "bank": "TEST BANK", "brand": "visa", "last4": "4081", "channel": "card", "exp_year": "2030", "reusable": true, "card_type": "visa ", "exp_month": "12", "signature": "SIG_30OLHC0EW4FFwOqI8GSx", "account_name": null, "country_code": "GH", "receiver_bank": null, "authorization_code": "AUTH_3hxxtrdzim", "receiver_bank_account_number": null}, "fees_breakdown": null, "receipt_number": null, "gateway_response": "Successful", "requested_amount": 690, "transaction_date": "2024-07-16T11:05:46.000Z", "pos_transaction_data": null}, "status": true, "message": "Verification successful"}, "status": "SUCCESSFUL", "country": "GH", "created_at": "2024-07-16T11:05:54.590Z"}}, {"model": "api.topuptransaction", "pk": 4, "fields": {"user": null, "user_type": "guest", "reference": "U5034Mq3kFFJwd", "operator": "Telecel Ghana", "phone_number": "+233500872933", "receiver_amount": "77.00", "receiver_country": "Ghana", "receiver_currency_code": "GHS", "total_paid": "88.55", "sender_currency": "GHS", "sender_country": "GH", "processing_fee": "11.55", "payment_method": "cbc", "email": "bukarishamsu34@gmail.com", "reloader_transaction": {"fee": 0, "status": "SUCCESSFUL", "discount": 0, "pinDetail": null, "operatorId": 155, "balanceInfo": {"cost": 77.0, "updatedAt": "2024-07-16 11:05:56", "newBalance": 1806.14103, "oldBalance": 1883.14103, "currencyCode": "GHS", "currencyName": "Ghanaian Cedi"}, "countryCode": "GH", "senderPhone": null, "operatorName": "Telecel Ghana", "transactionId": 118239, "recipientEmail": "bukarishamsu34@gmail.com", "recipientPhone": "233500872933", "deliveredAmount": 77, "requestedAmount": 77, "transactionDate": "2024-07-22 07:27:54", "customIdentifier": "U5034Mq3kFFJwd", "discountCurrencyCode": "GHS", "operatorTransactionId": null, "deliveredAmountCurrencyCode": "GHS", "requestedAmountCurrencyCode": "GHS"}, "paystack_very_transaction": {"data": {"id": 4003780319, "log": {"input": [], "errors": 0, "mobile": false, "history": [{"time": 4, "type": "action", "message": "Attempted to pay with card"}, {"time": 5, "type": "success", "message": "Successfully paid with card"}], "success": true, "attempts": 1, "start_time": 1721647661, "time_spent": 5}, "fees": 173, "plan": null, "split": {}, "amount": 8855, "domain": "test", "paidAt": "2024-07-22T11:27:48.000Z", "source": null, "status": "success", "channel": "card", "connect": null, "message": null, "paid_at": "2024-07-22T11:27:48.000Z", "currency": "GHS", "customer": {"id": 174083363, "email": "bukarishamsu34@gmail.com", "phone": "", "metadata": null, "last_name": "", "first_name": "", "risk_action": "default", "customer_code": "CUS_evts5ojjbm38zlg", "international_format_phone": null}, "metadata": {"referrer": "http://localhost:5173/#"}, "order_id": null, "createdAt": "2024-07-22T11:27:43.000Z", "reference": "U5034Mq3kFFJwd", "created_at": "2024-07-22T11:27:43.000Z", "fees_split": null, "ip_address": "102.176.94.222", "subaccount": {}, "plan_object": {}, "authorization": {"bin": "408408", "bank": "TEST BANK", "brand": "visa", "last4": "4081", "channel": "card", "exp_year": "2030", "reusable": true, "card_type": "visa ", "exp_month": "12", "signature": "SIG_30OLHC0EW4FFwOqI8GSx", "account_name": null, "country_code": "GH", "receiver_bank": null, "authorization_code": "AUTH_3mphhou46j", "receiver_bank_account_number": null}, "fees_breakdown": null, "receipt_number": null, "gateway_response": "Successful", "requested_amount": 8855, "transaction_date": "2024-07-22T11:27:43.000Z", "pos_transaction_data": null}, "status": true, "message": "Verification successful"}, "status": "SUCCESSFUL", "country": "GH", "created_at": "2024-07-22T11:27:51.277Z"}}, {"model": "api.cart", "pk": 23, "fields": {"user": 2, "productName": "PlayStation US", "productId": 8624, "quantity": 1, "recipientAmount": "10.00", "recipientCurrency": "USD", "AmountToPay": "152.58", "currencyToPayIn": "GHS", "processing_fee": "15.26", "img": "https://cdn.reloadly.com/giftcards/d9f35de2-e87d-4697-ab23-fb04f9090931.png", "created_at": "2024-06-28T10:05:12.159Z"}}, {"model": "api.cart", "pk": 24, "fields": {"user": 2, "productName": "PlayStation US", "productId": 8624, "quantity": 1, "recipientAmount": "100.00", "recipientCurrency": "USD", "AmountToPay": "1525.84", "currencyToPayIn": "GHS", "processing_fee": "15.26", "img": "https://cdn.reloadly.com/giftcards/d9f35de2-e87d-4697-ab23-fb04f9090931.png", "created_at": "2024-06-28T10:05:16.104Z"}}, {"model": "api.cart", "pk": 25, "fields": {"user": 2, "productName": "Obucks GH", "productId": 8214, "quantity": 1, "recipientAmount": "5.00", "recipientCurrency": "USD", "AmountToPay": "77.25", "currencyToPayIn": "GHS", "processing_fee": "15.45", "img": "https://cdn.reloadly.com/giftcards/cc7dc1cb-2a5a-4c25-8c6d-62eb15d9ff1d.jpg", "created_at": "2024-07-24T12:00:08.056Z"}}, {"model": "api.contact", "pk": 1, "fields": {"name": "bukari shamsu", "email": "buycoingh@gmail.com", "message": "Hello world crazy message here it is amazing how this is working", "created_at": "2024-07-24T10:55:56.980Z"}}, {"model": "api.contact", "pk": 2, "fields": {"name": "digishelf", "email": "shamsubr@gmail.com", "message": "l", "created_at": "2024-07-24T10:59:55.790Z"}}, {"model": "api.contact", "pk": 3, "fields": {"name": "digishelf", "email": "bukarishamsu34@gmail.com", "message": "kk", "created_at": "2024-07-24T11:01:49.007Z"}}, {"model": "api.contact", "pk": 4, "fields": {"name": "digishelf", "email": "bukarishamsu34@gmail.com", "message": "v", "created_at": "2024-07-24T11:02:19.289Z"}}, {"model": "api.contact", "pk": 5, "fields": {"name": "digishelf", "email": "crazyUser@gmail.com", "message": "k", "created_at": "2024-07-24T11:19:47.423Z"}}]